{"('value', 'count')":{"A":4.0,"B":3.0,"C":3.0},"('value', 'mean')":{"A":11.5,"B":15.6666666667,"C":27.6666666667},"('value', 'std')":{"A":1.2909944487,"B":2.0816659995,"C":2.5166114784},"('value', 'min')":{"A":10.0,"B":14.0,"C":25.0},"('value', '25%')":{"A":10.75,"B":14.5,"C":26.5},"('value', '50%')":{"A":11.5,"B":15.0,"C":28.0},"('value', '75%')":{"A":12.25,"B":16.5,"C":29.0},"('value', 'max')":{"A":13.0,"B":18.0,"C":30.0}}